ID,groq288,claude2.1-ch700,claude3.5-ch100-k5,claude3.5-ch300-k3,cnts,all,ans_agree_1,ans_agree_2
1,c,?,?,c,"{'c': 2, '?': 2}",?,c,c
2,?,c,c,?,"{'?': 2, 'c': 2}",?,c,c
3,c,c,c,c,{'c': 4},c,c,c
4,?,?,a,?,"{'?': 3, 'a': 1}",?,a,?
5,?,?,?,?,{'?': 4},?,?,?
6,c,c,c,?,"{'c': 3, '?': 1}",?,c,c
7,c,c,c,c,{'c': 4},c,c,c
8,c,?,?,c,"{'c': 2, '?': 2}",?,c,c
9,b,c,?,?,"{'b': 1, 'c': 1, '?': 2}",?,?,?
10,d,d,d,d,{'d': 4},d,d,d
11,?,?,?,?,{'?': 4},?,?,?
12,d,?,?,d,"{'d': 2, '?': 2}",?,d,d
13,?,a,?,?,"{'?': 3, 'a': 1}",?,a,?
14,?,c,?,?,"{'?': 3, 'c': 1}",?,c,?
15,b,b,b,a,"{'b': 3, 'a': 1}",?,?,?
16,b,c,c,c,"{'b': 1, 'c': 3}",?,?,?
17,b,b,?,?,"{'b': 2, '?': 2}",?,b,b
18,?,b,b,b,"{'?': 1, 'b': 3}",?,b,b
19,d,a,d,?,"{'d': 2, 'a': 1, '?': 1}",?,?,?
20,?,a,d,?,"{'?': 2, 'a': 1, 'd': 1}",?,?,?
21,b,b,d,d,"{'b': 2, 'd': 2}",?,?,?
22,?,?,c,?,"{'?': 3, 'c': 1}",?,c,?
23,?,?,?,?,{'?': 4},?,?,?
24,c,?,c,c,"{'c': 3, '?': 1}",?,c,c
25,?,?,?,?,{'?': 4},?,?,?
26,d,?,d,?,"{'d': 2, '?': 2}",?,d,d
27,?,?,?,?,{'?': 4},?,?,?
28,c,?,?,?,"{'c': 1, '?': 3}",?,c,?
29,a,d,d,d,"{'a': 1, 'd': 3}",?,?,?
30,?,?,b,b,"{'?': 2, 'b': 2}",?,b,b
31,a,a,?,?,"{'a': 2, '?': 2}",?,a,a
32,?,?,c,c,"{'?': 2, 'c': 2}",?,c,c
33,d,d,d,d,{'d': 4},d,d,d
34,?,?,c,c,"{'?': 2, 'c': 2}",?,c,c
35,?,?,?,?,{'?': 4},?,?,?
36,?,b,b,?,"{'?': 2, 'b': 2}",?,b,b
37,?,b,b,?,"{'?': 2, 'b': 2}",?,b,b
38,c,c,c,c,{'c': 4},c,c,c
39,c,c,c,?,"{'c': 3, '?': 1}",?,c,c
40,a,a,a,?,"{'a': 3, '?': 1}",?,a,a
41,d,d,?,?,"{'d': 2, '?': 2}",?,d,d
42,d,d,?,?,"{'d': 2, '?': 2}",?,d,d
43,?,?,c,c,"{'?': 2, 'c': 2}",?,c,c
44,d,?,?,?,"{'d': 1, '?': 3}",?,d,?
45,d,d,?,?,"{'d': 2, '?': 2}",?,d,d
46,d,d,d,?,"{'d': 3, '?': 1}",?,d,d
47,?,d,d,d,"{'?': 1, 'd': 3}",?,d,d
48,?,?,c,c,"{'?': 2, 'c': 2}",?,c,c
49,?,?,d,d,"{'?': 2, 'd': 2}",?,d,d
50,?,c,c,c,"{'?': 1, 'c': 3}",?,c,c
51,?,b,?,b,"{'?': 2, 'b': 2}",?,b,b
52,a,a,c,c,"{'a': 2, 'c': 2}",?,?,?
53,?,d,c,c,"{'?': 1, 'd': 1, 'c': 2}",?,?,?
54,c,c,c,c,{'c': 4},c,c,c
55,a,a,a,a,{'a': 4},a,a,a
56,a,d,b,b,"{'a': 1, 'd': 1, 'b': 2}",?,?,?
57,?,?,b,?,"{'?': 3, 'b': 1}",?,b,?
58,?,d,a,a,"{'?': 1, 'd': 1, 'a': 2}",?,?,?
59,?,a,?,?,"{'?': 3, 'a': 1}",?,a,?
60,c,c,c,?,"{'c': 3, '?': 1}",?,c,c
61,?,b,b,b,"{'?': 1, 'b': 3}",?,b,b
62,b,?,b,b,"{'b': 3, '?': 1}",?,b,b
63,d,d,c,?,"{'d': 2, 'c': 1, '?': 1}",?,?,?
64,a,a,a,a,{'a': 4},a,a,a
65,b,d,?,?,"{'b': 1, 'd': 1, '?': 2}",?,?,?
66,b,b,b,d,"{'b': 3, 'd': 1}",?,?,?
67,b,b,b,c,"{'b': 3, 'c': 1}",?,?,?
68,b,?,?,?,"{'b': 1, '?': 3}",?,b,?
69,a,a,a,a,{'a': 4},a,a,a
70,?,c,?,?,"{'?': 3, 'c': 1}",?,c,?
71,b,b,c,d,"{'b': 2, 'c': 1, 'd': 1}",?,?,?
72,?,b,c,c,"{'?': 1, 'b': 1, 'c': 2}",?,?,?
73,d,d,d,?,"{'d': 3, '?': 1}",?,d,d
74,?,d,?,?,"{'?': 3, 'd': 1}",?,d,?
75,c,c,c,c,{'c': 4},c,c,c
76,a,a,a,a,{'a': 4},a,a,a
77,d,c,a,c,"{'d': 1, 'c': 2, 'a': 1}",?,?,?
78,b,b,b,b,{'b': 4},b,b,b
79,d,d,d,d,{'d': 4},d,d,d
80,c,d,c,c,"{'c': 3, 'd': 1}",?,?,?
81,c,c,?,?,"{'c': 2, '?': 2}",?,c,c
82,?,d,b,b,"{'?': 1, 'd': 1, 'b': 2}",?,?,?
83,?,c,?,?,"{'?': 3, 'c': 1}",?,c,?
84,d,b,d,a,"{'d': 2, 'b': 1, 'a': 1}",?,?,?
85,c,c,c,c,{'c': 4},c,c,c
86,b,b,b,b,{'b': 4},b,b,b
87,?,c,c,c,"{'?': 1, 'c': 3}",?,c,c
88,?,b,b,?,"{'?': 2, 'b': 2}",?,b,b
89,a,a,a,a,{'a': 4},a,a,a
90,?,b,c,c,"{'?': 1, 'b': 1, 'c': 2}",?,?,?
91,d,d,b,b,"{'d': 2, 'b': 2}",?,?,?
92,a,a,a,a,{'a': 4},a,a,a
93,c,c,c,c,{'c': 4},c,c,c
94,c,c,c,?,"{'c': 3, '?': 1}",?,c,c
95,?,c,c,c,"{'?': 1, 'c': 3}",?,c,c
96,b,d,b,d,"{'b': 2, 'd': 2}",?,?,?
97,b,b,b,?,"{'b': 3, '?': 1}",?,b,b
98,b,b,b,b,{'b': 4},b,b,b
99,c,c,c,c,{'c': 4},c,c,c
100,b,b,b,b,{'b': 4},b,b,b
